actual,predicted,residual,abs_error,fitness_goal,gender,activity_level
3975.1,4114.281122156088,-139.1811221560879,139.1811221560879,muscle_gain,Male,very_active
1977.6,2001.5609978174596,-23.960997817459656,23.960997817459656,fat_loss,Male,light
1935.9,1900.392179431216,35.507820568784155,35.507820568784155,fat_loss,Female,moderate
1951.2,1860.2964601190502,90.9035398809499,90.9035398809499,fat_loss,Male,active
1476.9,1577.7417896164036,-100.8417896164035,100.8417896164035,muscle_gain,Female,light
2598.0,2503.9062136243388,94.09378637566124,94.09378637566124,maintenance,Female,active
3668.0,3792.029889484134,-124.02988948413395,124.02988948413395,maintenance,Male,very_active
3001.5,2914.5112025793687,86.98879742063127,86.98879742063127,muscle_gain,Female,very_active
3678.8,3554.7144542989467,124.08554570105343,124.08554570105343,maintenance,Male,very_active
2519.7,2514.0604746031754,5.639525396824411,5.639525396824411,fat_loss,Male,light
1911.5,1975.054688822752,-63.55468882275204,63.55468882275204,maintenance,Female,moderate
2381.9,2028.790609451661,353.109390548339,353.109390548339,muscle_gain,Female,light
3245.9,3054.455818187832,191.44418181216815,191.44418181216815,muscle_gain,Female,very_active
2340.8,2368.296095436509,-27.496095436508767,27.496095436508767,fat_loss,Male,light
2897.9,2805.9432065115425,91.9567934884576,91.9567934884576,maintenance,Female,very_active
1661.0,1638.9510129629612,22.04898703703884,22.04898703703884,fat_loss,Female,moderate
1796.1,1869.6362034391557,-73.53620343915577,73.53620343915577,muscle_gain,Male,moderate
2515.3,2467.610646296297,47.68935370370309,47.68935370370309,fat_loss,Male,moderate
3135.9,3213.6271754509376,-77.72717545093747,77.72717545093747,muscle_gain,Female,very_active
3614.2,3182.8849326719546,431.3150673280452,431.3150673280452,fat_loss,Male,active
1913.9,1910.7880958994692,3.1119041005308645,3.1119041005308645,muscle_gain,Female,moderate
1564.2,1584.4789388888898,-20.278938888889797,20.278938888889797,fat_loss,Male,sedentary
2659.9,2607.212924007937,52.687075992063,52.687075992063,muscle_gain,Female,moderate
3563.6,3640.434146494711,-76.83414649471115,76.83414649471115,maintenance,Male,very_active
2826.3,2610.0501173340585,216.24988266594164,216.24988266594164,muscle_gain,Male,moderate
2837.0,2788.4505046717136,48.54949532828641,48.54949532828641,muscle_gain,Female,active
1828.3,1752.0598869047622,76.2401130952378,76.2401130952378,muscle_gain,Female,moderate
1571.0,1583.1141918650787,-12.114191865078737,12.114191865078737,muscle_gain,Female,light
2919.4,2669.8817231481485,249.51827685185162,249.51827685185162,maintenance,Male,light
1738.2,1862.4194478174602,-124.21944781746015,124.21944781746015,maintenance,Male,moderate
2225.5,2115.4964963624348,110.00350363756525,110.00350363756525,fat_loss,Male,moderate
2211.2,2246.4547876984143,-35.254787698414475,35.254787698414475,maintenance,Male,moderate
4383.4,4315.602660251324,67.79733974867577,67.79733974867577,muscle_gain,Male,very_active
2611.4,2612.0040751322786,-0.6040751322784672,0.6040751322784672,muscle_gain,Male,moderate
2054.4,2228.869303902115,-174.46930390211492,174.46930390211492,fat_loss,Male,light
2322.3,2383.0456893698906,-60.74568936989044,60.74568936989044,fat_loss,Male,light
3530.5,3402.649010912708,127.85098908729196,127.85098908729196,maintenance,Male,very_active
2145.3,2768.746267887207,-623.4462678872069,623.4462678872069,fat_loss,Female,active
2698.1,2674.324904761904,23.775095238096128,23.775095238096128,fat_loss,Male,sedentary
2055.7,2125.8736792328054,-70.17367923280563,70.17367923280563,fat_loss,Male,light
2015.2,2754.6395363095253,-739.4395363095252,739.4395363095252,fat_loss,Female,very_active
1232.9,1466.4775185185201,-233.57751851852004,233.57751851852004,maintenance,Female,sedentary
1850.8,1971.5209188492056,-120.72091884920565,120.72091884920565,maintenance,Male,light
2362.4,2132.7492346921586,229.65076530784154,229.65076530784154,fat_loss,Male,active
2768.4,2786.2840308742234,-17.8840308742233,17.8840308742233,fat_loss,Male,moderate
3293.8,3188.080745851374,105.71925414862608,105.71925414862608,muscle_gain,Female,very_active
1719.1,1890.8302592592593,-171.73025925925936,171.73025925925936,fat_loss,Female,moderate
4334.8,4146.021334325402,188.77866567459841,188.77866567459841,muscle_gain,Male,very_active
2010.8,2015.4647072751332,-4.664707275133196,4.664707275133196,muscle_gain,Female,moderate
1805.0,1826.5615117724865,-21.561511772486483,21.561511772486483,fat_loss,Female,moderate
2346.1,2067.7475316077457,278.3524683922542,278.3524683922542,muscle_gain,Female,light
1462.8,1587.4062119047617,-124.60621190476172,124.60621190476172,fat_loss,Male,moderate
4250.4,4313.48790462963,-63.08790462963043,63.08790462963043,muscle_gain,Male,very_active
1694.6,1914.8030105158718,-220.20301051587194,220.20301051587194,maintenance,Female,light
1685.5,1724.6684174603195,-39.16841746031946,39.16841746031946,fat_loss,Female,light
1680.5,1663.4615142857135,17.03848571428648,17.03848571428648,fat_loss,Female,sedentary
1579.2,1628.6058378968264,-49.40583789682637,49.40583789682637,muscle_gain,Female,sedentary
1593.8,1619.8532105218865,-26.053210521886513,26.053210521886513,fat_loss,Male,light
2224.9,2079.0743870731126,145.82561292688752,145.82561292688752,fat_loss,Male,moderate
2813.5,2566.404139351852,247.09586064814812,247.09586064814812,muscle_gain,Female,moderate
1789.4,1867.2782394841317,-77.87823948413165,77.87823948413165,maintenance,Female,light
2153.9,2119.916008862433,33.983991137567045,33.983991137567045,muscle_gain,Male,moderate
3838.4,3732.5575964285727,105.84240357142744,105.84240357142744,maintenance,Male,very_active
2013.2,2278.686391203702,-265.48639120370194,265.48639120370194,maintenance,Female,moderate
2144.3,2117.8655401815768,26.43445981842342,26.43445981842342,fat_loss,Male,moderate
2647.5,2444.440290211644,203.05970978835603,203.05970978835603,fat_loss,Male,moderate
1290.3,1475.8234776455042,-185.52347764550427,185.52347764550427,muscle_gain,Female,sedentary
2617.6,2684.214482858349,-66.61448285834922,66.61448285834922,maintenance,Male,moderate
2603.2,2631.389036838622,-28.189036838622087,28.189036838622087,fat_loss,Male,active
2258.6,2469.5921613095225,-210.99216130952254,210.99216130952254,fat_loss,Male,light
1352.8,1437.3773602462372,-84.57736024623728,84.57736024623728,fat_loss,Male,light
2670.4,2693.3631058862434,-22.963105886243284,22.963105886243284,fat_loss,Male,sedentary
2290.6,2096.835831150793,193.76416884920673,193.76416884920673,muscle_gain,Female,moderate
1685.7,1767.3464791245794,-81.6464791245794,81.6464791245794,maintenance,Female,moderate
3773.1,3854.1240778439183,-81.02407784391835,81.02407784391835,muscle_gain,Male,active
2922.5,2750.8948062169325,171.60519378306753,171.60519378306753,muscle_gain,Female,active
2238.6,2277.9962935846575,-39.39629358465754,39.39629358465754,fat_loss,Male,moderate
2128.3,2145.5518412337647,-17.25184123376448,17.25184123376448,fat_loss,Male,moderate
2561.4,2548.5568441979344,12.843155802065667,12.843155802065667,muscle_gain,Female,active
1891.4,1752.025309920637,139.37469007936306,139.37469007936306,fat_loss,Male,moderate
1475.0,1516.9818015151534,-41.98180151515339,41.98180151515339,fat_loss,Male,light
3945.6,4062.89187189153,-117.29187189153026,117.29187189153026,muscle_gain,Male,active
2409.4,2415.668653637565,-6.268653637564967,6.268653637564967,muscle_gain,Female,moderate
2268.8,2291.199287566138,-22.3992875661379,22.3992875661379,maintenance,Female,moderate
1961.8,1970.3850350709497,-8.585035070949743,8.585035070949743,muscle_gain,Female,moderate
1696.3,1720.2393938131327,-23.93939381313271,23.93939381313271,fat_loss,Male,moderate
2456.3,2332.6787876322783,123.62121236772191,123.62121236772191,fat_loss,Male,active
1783.9,1804.2367999338624,-20.336799933862267,20.336799933862267,fat_loss,Female,moderate
1672.5,1697.767583730159,-25.267583730159004,25.267583730159004,fat_loss,Female,light
1227.4,1315.01246798433,-87.6124679843299,87.6124679843299,fat_loss,Male,light
2008.5,2064.903388534151,-56.40338853415096,56.40338853415096,muscle_gain,Female,active
2785.4,2681.7407187830695,103.6592812169306,103.6592812169306,muscle_gain,Male,active
2104.8,2172.4640661375665,-67.66406613756635,67.66406613756635,maintenance,Female,light
2049.6,2071.9307153439113,-22.33071534391138,22.33071534391138,fat_loss,Female,moderate
2830.7,2905.0615541005272,-74.36155410052743,74.36155410052743,fat_loss,Male,active
1988.9,2006.0988648809507,-17.198864880950623,17.198864880950623,muscle_gain,Male,moderate
4587.8,4206.961955952387,380.83804404761304,380.83804404761304,muscle_gain,Male,very_active
1612.8,1591.37149404762,21.428505952379965,21.428505952379965,fat_loss,Male,light
1692.9,1723.0528487433867,-30.152848743386585,30.152848743386585,muscle_gain,Female,sedentary
2399.3,2510.3324310846624,-111.03243108466222,111.03243108466222,fat_loss,Male,moderate
1901.4,1951.4757814814798,-50.07578148147968,50.07578148147968,muscle_gain,Female,moderate
2112.1,2208.4247076719553,-96.32470767195537,96.32470767195537,maintenance,Female,moderate
2596.1,2644.215069907412,-48.11506990741191,48.11506990741191,fat_loss,Male,moderate
1905.7,1887.0665412698418,18.63345873015828,18.63345873015828,muscle_gain,Female,light
2457.9,2275.519773809525,182.38022619047524,182.38022619047524,muscle_gain,Male,moderate
3013.8,3191.8592639550266,-178.05926395502638,178.05926395502638,muscle_gain,Female,very_active
2033.5,2187.889735912699,-154.38973591269905,154.38973591269905,fat_loss,Male,moderate
3082.1,2575.111308002645,506.9886919973551,506.9886919973551,maintenance,Male,active
2222.0,2140.1227690476207,81.87723095237925,81.87723095237925,fat_loss,Female,active
2540.8,2630.2670162698378,-89.46701626983759,89.46701626983759,maintenance,Female,very_active
1946.3,1957.249358002647,-10.949358002647159,10.949358002647159,maintenance,Female,moderate
2097.2,2057.66437785594,39.535622144059744,39.535622144059744,muscle_gain,Male,moderate
1715.1,1751.4854825396808,-36.38548253968088,36.38548253968088,fat_loss,Female,moderate
2381.4,2221.265416997354,160.1345830026462,160.1345830026462,muscle_gain,Male,active
2334.9,2185.3265408730185,149.57345912698156,149.57345912698156,fat_loss,Male,moderate
3110.8,3175.0936470238057,-64.29364702380553,64.29364702380553,fat_loss,Male,very_active
4017.7,3996.914897089948,20.78510291005159,20.78510291005159,muscle_gain,Male,active
2549.0,2208.949069642855,340.0509303571448,340.0509303571448,muscle_gain,Male,active
2475.3,2505.9221511904734,-30.622151190473232,30.622151190473232,fat_loss,Male,light
1653.6,1655.0666331709938,-1.4666331709938731,1.4666331709938731,maintenance,Male,light
1825.0,1925.8494794973549,-100.84947949735488,100.84947949735488,maintenance,Male,sedentary
2005.2,1994.201564484127,10.998435515873098,10.998435515873098,muscle_gain,Female,active
3089.9,2945.7758335978883,144.12416640211177,144.12416640211177,fat_loss,Male,active
2024.5,1960.3482306878293,64.1517693121707,64.1517693121707,muscle_gain,Male,moderate
1591.3,1745.9552140873036,-154.65521408730365,154.65521408730365,maintenance,Male,light
2961.1,2768.995565939155,192.10443406084505,192.10443406084505,fat_loss,Male,moderate
2379.3,2523.201665596439,-143.90166559643876,143.90166559643876,fat_loss,Male,light
2270.8,2110.220104563494,160.57989543650638,160.57989543650638,fat_loss,Male,active
3855.9,3687.0332008597907,168.86679914020942,168.86679914020942,maintenance,Male,very_active
1890.6,1942.6651781084656,-52.065178108465716,52.065178108465716,fat_loss,Female,moderate
1519.8,1681.5869365740741,-161.78693657407416,161.78693657407416,fat_loss,Female,moderate
1993.5,2110.5584355699866,-117.05843556998661,117.05843556998661,maintenance,Male,moderate
2415.5,2493.625562301588,-78.12556230158816,78.12556230158816,fat_loss,Male,moderate
1898.9,1956.223431752047,-57.32343175204687,57.32343175204687,maintenance,Male,moderate
2340.6,2332.874569708996,7.725430291003704,7.725430291003704,fat_loss,Male,sedentary
2124.1,2028.3250880290998,95.77491197090012,95.77491197090012,fat_loss,Female,active
1570.3,1661.3141468915323,-91.01414689153239,91.01414689153239,fat_loss,Female,moderate
2680.7,2697.7894892195754,-17.089489219575626,17.089489219575626,fat_loss,Male,light
2251.9,2424.5505396825374,-172.65053968253733,172.65053968253733,fat_loss,Male,light
2414.3,2481.8567729497377,-67.55677294973748,67.55677294973748,fat_loss,Male,light
4296.7,4371.081353174606,-74.38135317460637,74.38135317460637,muscle_gain,Male,very_active
2750.7,2660.105306944445,90.59469305555467,90.59469305555467,muscle_gain,Male,moderate
1824.3,1942.1011900793649,-117.80119007936491,117.80119007936491,maintenance,Female,light
1429.2,1446.4992855759995,-17.29928557599942,17.29928557599942,fat_loss,Female,light
4109.3,4116.656806018522,-7.356806018521638,7.356806018521638,muscle_gain,Male,very_active
2162.8,2156.9610410052915,5.838958994708719,5.838958994708719,fat_loss,Male,light
2983.4,3027.504502645503,-44.10450264550309,44.10450264550309,fat_loss,Male,very_active
2174.2,2103.5902358044723,70.60976419552753,70.60976419552753,muscle_gain,Female,active
4488.0,4344.1813616402105,143.81863835978947,143.81863835978947,muscle_gain,Male,very_active
2283.0,2279.135833513708,3.864166486292106,3.864166486292106,maintenance,Male,moderate
2577.0,2582.3196730158716,-5.319673015871558,5.319673015871558,fat_loss,Male,sedentary
3161.7,3048.8739243386244,112.8260756613754,112.8260756613754,fat_loss,Male,very_active
3995.9,3953.5170718254003,42.38292817459978,42.38292817459978,muscle_gain,Male,very_active
1767.6,1838.8608602633471,-71.26086026334724,71.26086026334724,muscle_gain,Male,light
1864.7,1779.4745105940333,85.22548940596675,85.22548940596675,muscle_gain,Male,light
1681.2,1673.253861417748,7.946138582251933,7.946138582251933,fat_loss,Female,light
2415.3,2323.668518849203,91.6314811507973,91.6314811507973,muscle_gain,Male,moderate
2262.5,2084.398353240741,178.10164675925898,178.10164675925898,muscle_gain,Female,moderate
1582.7,1699.2997622655123,-116.59976226551225,116.59976226551225,fat_loss,Female,moderate
1644.3,1767.2312949074078,-122.93129490740785,122.93129490740785,fat_loss,Female,light
2144.4,2052.4152591269826,91.98474087301747,91.98474087301747,muscle_gain,Female,active
1940.9,1948.9761289201522,-8.076128920152087,8.076128920152087,muscle_gain,Female,moderate
4187.4,3935.342159126986,252.05784087301345,252.05784087301345,muscle_gain,Male,active
1909.9,1890.6645192460335,19.235480753966613,19.235480753966613,fat_loss,Male,moderate
2320.3,2386.7431667869164,-66.44316678691621,66.44316678691621,muscle_gain,Female,moderate
1796.7,1898.930303968254,-102.23030396825402,102.23030396825402,maintenance,Male,sedentary
2887.2,2949.7518552008187,-62.55185520081886,62.55185520081886,muscle_gain,Female,very_active
2019.9,2027.477949074072,-7.577949074071967,7.577949074071967,maintenance,Female,light
1621.6,1635.7303730158726,-14.130373015872692,14.130373015872692,fat_loss,Female,light
2339.0,2475.119006487493,-136.11900648749315,136.11900648749315,maintenance,Female,moderate
2125.3,2139.5667980820112,-14.266798082011064,14.266798082011064,fat_loss,Male,moderate
1707.4,1762.8175417989435,-55.417541798943375,55.417541798943375,fat_loss,Female,light
1416.1,1538.0591701779676,-121.95917017796774,121.95917017796774,maintenance,Female,light
3181.8,2845.450722474749,336.3492775252512,336.3492775252512,fat_loss,Male,moderate
2177.9,2058.255749200336,119.64425079966395,119.64425079966395,muscle_gain,Female,light
1727.6,1629.9223287037019,97.67767129629806,97.67767129629806,muscle_gain,Female,light
2890.8,2944.5873679894175,-53.78736798941736,53.78736798941736,fat_loss,Male,active
2578.2,2249.020501160414,329.1794988395859,329.1794988395859,fat_loss,Male,active
1546.1,1668.8699923941779,-122.76999239417796,122.76999239417796,fat_loss,Female,moderate
2832.3,2961.1362229497345,-128.8362229497343,128.8362229497343,muscle_gain,Female,very_active
1608.2,1737.060994781146,-128.86099478114602,128.86099478114602,maintenance,Female,light
1881.6,1975.0808535052922,-93.48085350529232,93.48085350529232,fat_loss,Female,moderate
2100.3,2077.3535419312175,22.946458068782704,22.946458068782704,maintenance,Female,moderate
3646.9,3233.151490873013,413.7485091269873,413.7485091269873,fat_loss,Male,active
3295.5,2727.745642652718,567.7543573472822,567.7543573472822,muscle_gain,Female,active
2147.5,1992.1750818362207,155.32491816377933,155.32491816377933,maintenance,Female,active
1493.2,1639.29680403439,-146.09680403439006,146.09680403439006,maintenance,Female,moderate
2160.3,2103.8586457010574,56.44135429894277,56.44135429894277,muscle_gain,Female,moderate
1881.7,1850.5675099867742,31.132490013225834,31.132490013225834,maintenance,Female,light
2167.7,2124.1549233465616,43.54507665343817,43.54507665343817,muscle_gain,Male,moderate
2150.8,2112.425314880951,38.37468511904899,38.37468511904899,maintenance,Male,light
4238.4,4158.0010613756685,80.3989386243311,80.3989386243311,muscle_gain,Male,very_active
2981.5,2902.2839637566162,79.21603624338377,79.21603624338377,muscle_gain,Female,very_active
2305.5,2074.884009193122,230.61599080687802,230.61599080687802,muscle_gain,Female,moderate
1849.2,2035.2141673280423,-186.01416732804228,186.01416732804228,maintenance,Male,light
